{
  "AVOID": {
    "horizon_label": "20d",
    "n_winners": 15,
    "n_losers": 9,
    "winners": {
      "day_offsets": [
        0,
        1,
        2,
        3,
        4,
        5,
        6,
        7,
        8,
        9,
        10,
        11,
        12,
        13,
        14,
        15,
        16,
        17,
        18,
        19,
        20,
        21
      ],
      "mean": [
        0.0033410082409935852,
        0.01959335192327565,
        0.23229490487842114,
        0.25292491994503397,
        0.26625616383065254,
        0.36385960334478745,
        0.4521575474547613,
        0.5197180120578332,
        0.585317055435449,
        0.5760664433385277,
        0.5833019102745545,
        0.6842862564040717,
        0.8253241082885815,
        0.8350436110054145,
        0.8329406078727282,
        0.8382653724028224,
        0.8526061516106829,
        0.8593968225733774,
        0.12189723778021182,
        0.1375640350883227,
        0.15247248252410706,
        0.1184812442817933
      ],
      "ci_low": [
        -0.004113594836883488,
        0.004887556314246581,
        -0.20565793165270618,
        -0.21880156106050647,
        -0.2035210047763445,
        -0.3222052809878602,
        -0.4395287550314864,
        -0.5285090608361535,
        -0.7022878176066796,
        -0.7169567899436194,
        -0.7052415994245598,
        -0.9851045956190863,
        -1.5765851571077283,
        -1.5569703824373367,
        -1.5609335066639136,
        -1.5500368949307337,
        -1.520932746835534,
        -1.5069985076156072,
        0.003997200674613288,
        -0.05195764446094553,
        -0.012357013068237277,
        null
      ],
      "ci_high": [
        0.010795611318870657,
        0.034299147532304716,
        0.6702477414095485,
        0.7246514009505745,
        0.7360333324376496,
        1.0499244876774352,
        1.343843849941009,
        1.5679450849518197,
        1.8729219284775775,
        1.8690896766206748,
        1.8718454199736687,
        2.3536771084272297,
        3.227233373684891,
        3.2270576044481656,
        3.2268147224093697,
        3.2265676397363787,
        3.2261450500568998,
        3.2257921527623616,
        0.23979727488581035,
        0.32708571463759095,
        0.3173019781164514,
        null
      ],
      "count": [
        15,
        15,
        15,
        14,
        14,
        10,
        8,
        7,
        6,
        6,
        6,
        5,
        4,
        4,
        4,
        4,
        4,
        4,
        3,
        3,
        3,
        1
      ],
      "n_paths": 15
    },
    "losers": {
      "day_offsets": [
        0,
        1,
        2,
        3,
        4,
        5,
        6,
        7,
        8,
        9,
        10,
        11,
        12,
        13,
        14,
        15,
        16,
        17,
        18,
        19
      ],
      "mean": [
        -0.002664317517035639,
        -0.008913782376328437,
        -0.011732515159258487,
        -0.01094564855370822,
        -0.01369850353090726,
        -0.021856687882472563,
        -0.0232971915305642,
        -0.021366699929959293,
        -0.030610817848749694,
        -0.010830068381324868,
        -0.0028561839387397647,
        -3.667978143440109e-08,
        -3.667978143440109e-08,
        -3.667978143440109e-08,
        -3.667978143440109e-08,
        -3.667978143440109e-08,
        -3.667978143440109e-08,
        -3.667978143440109e-08,
        -3.667978143440109e-08,
        -3.667978143440109e-08
      ],
      "ci_low": [
        -0.017005070138042717,
        -0.027078890519556156,
        -0.037683681693563564,
        -0.03640754282787469,
        -0.04724671553187608,
        -0.05515976271890766,
        -0.04514535210220832,
        -0.06966959211702303,
        -0.09718949312743501,
        -0.0595849388662076,
        -0.03914697576846364,
        null,
        null,
        null,
        null,
        null,
        null,
        null,
        null,
        null
      ],
      "ci_high": [
        0.01167643510397144,
        0.00925132576689928,
        0.014218651375046593,
        0.01451624572045825,
        0.019849708470061563,
        0.011446386953962526,
        -0.0014490309589200792,
        0.026936192257104447,
        0.03596785742993562,
        0.03792480210355787,
        0.03343460789098411,
        null,
        null,
        null,
        null,
        null,
        null,
        null,
        null,
        null
      ],
      "count": [
        9,
        9,
        9,
        8,
        7,
        6,
        6,
        4,
        4,
        3,
        2,
        1,
        1,
        1,
        1,
        1,
        1,
        1,
        1,
        1
      ],
      "n_paths": 9
    }
  },
  "BUY": {
    "horizon_label": "20d",
    "n_winners": 5,
    "n_losers": 3,
    "winners": {
      "day_offsets": [
        0,
        1,
        2,
        3,
        4,
        5,
        6,
        7,
        8,
        9,
        10,
        11,
        12,
        13,
        14,
        15
      ],
      "mean": [
        -0.0005063029988676693,
        0.021760157413598692,
        0.032824818807490705,
        0.030382871462434735,
        0.03996109287203081,
        0.035641342038439744,
        0.03381576096558392,
        0.04342732286800147,
        0.07536418335436212,
        0.06517250639240084,
        0.06690128625458724,
        0.21114988233384713,
        0.21041957041393622,
        0.1429034840370902,
        0.11782845086423754,
        0.10719794239557134
      ],
      "ci_low": [
        -0.005972403257310174,
        -0.0013308486487625913,
        -0.001437704724384141,
        -0.042441698198021904,
        -0.041106223583891766,
        -0.041858631609167044,
        -0.05996666764324696,
        -0.06309700816360123,
        -0.1679404547944541,
        -0.18517247216653754,
        -0.1703856197380739,
        null,
        null,
        null,
        null,
        null
      ],
      "ci_high": [
        0.004959797259574836,
        0.04485116347595998,
        0.06708734233936556,
        0.10320744112289137,
        0.12102840932795339,
        0.11314131568604653,
        0.1275981895744148,
        0.14995165389960416,
        0.3186688215031783,
        0.31551748495133924,
        0.30418819224724836,
        null,
        null,
        null,
        null,
        null
      ],
      "count": [
        5,
        5,
        5,
        4,
        4,
        4,
        4,
        4,
        3,
        3,
        3,
        1,
        1,
        1,
        1,
        1
      ],
      "n_paths": 5
    },
    "losers": {
      "day_offsets": [
        0,
        1,
        2,
        3,
        4,
        5,
        6,
        7,
        8,
        9,
        10,
        11,
        12,
        13,
        14,
        15,
        16,
        17,
        18,
        19,
        20,
        21
      ],
      "mean": [
        -0.0066065117415381085,
        -0.02282988449427255,
        -0.023714118118017862,
        -0.03225690898478123,
        -0.031841831983075275,
        -0.01767664298182453,
        -0.05113835115258336,
        -0.04984784495205197,
        -0.031238267887620796,
        -0.017806416173135053,
        -0.002322584582913345,
        -0.026322592458417393,
        -0.008258056640624956,
        -0.0025806057837701735,
        0.04051612115675396,
        0.05109676238029226,
        0.03561293079007055,
        0.08438710858744969,
        0.07045160108996984,
        -0.011612922914566504,
        -0.06477415023311495,
        -0.08232254520539317
      ],