sector,count,win_rate,win_rate_se,win_rate_ci_low,win_rate_ci_high,avg_return,avg_return_se,avg_return_ci_low,avg_return_ci_high,median_return,std_return
,39.0,0.7435897435897436,0.06992010767203376,0.5891834407831603,0.8543121945900741,0.3174716076785683,0.11428566658709731,0.08611237122085941,0.5488308441362773,0.08825033783851503,0.7137137590820494
