intent,<3.0 SA Sell/Hold,3.0–3.5 SA Hold,3.5–4.0 SA Buy,4.0+ SA Strong Buy
AVOID,0.0011818204247787737,0.03929373915810257,0.03541868942304795,0.02238973976031132
ENTER_LIMIT,0.019118431878162295,0.03298293129544898,,-0.0244363904065189
ENTER_NOW,0.019928148826870887,0.0680296484746176,0.10364290553524051,0.017648369992601227
NEUTRAL,-0.034824841591360824,0.02741815026193928,-0.07619714128065674,0.060052770003025606
