deep_research_verdict,<3.0 SA Sell/Hold,3.0–3.5 SA Hold,3.5–4.0 SA Buy,4.0+ SA Strong Buy
AVOID,0.005539555592697666,0.05245621107431571,0.10364290553524051,0.047274228321776156
BUY,,0.03089729859627215,,-0.013417841470201496
BUY_LIMIT,0.027859289901597115,0.09674914264435652,,-0.048869369774094853
WATCH,0.023229277960144585,,,
