group_a,group_b,n_a,n_b,mean_a,mean_b,diff,cohen_d,welch_p,mwu_p,welch_p_fdr,mwu_p_fdr,significant
AVOID,BUY,15,6,0.02787801023667021,0.01786868036501835,0.01000932987165186,0.17050741742918596,0.6955628072341684,0.7333038478549314,0.6955628072341685,0.7333038478549314,False
AVOID,BUY_LIMIT,15,18,0.02787801023667021,0.04612438155981555,-0.018246371323145338,-0.2771235872512237,0.4300495701241098,0.5035791030734773,0.6450743551861647,0.7333038478549314,False
BUY,BUY_LIMIT,6,18,0.01786868036501835,0.04612438155981555,-0.028255701194797197,-0.4398165317742191,0.2794059480500819,0.4148860293025053,0.6450743551861647,0.7333038478549314,False
