group_a,group_b,n_a,n_b,mean_a,mean_b,diff,cohen_d,welch_p,mwu_p,welch_p_fdr,mwu_p_fdr,significant
AVOID,BUY,7,4,0.05783047730955163,0.0495953185452121,0.008235158764339535,0.13352909978836905,0.8665978633536229,0.7878787878787878,0.9365783662587601,1.0,False
AVOID,BUY_LIMIT,7,10,0.05783047730955163,0.06064407938263505,-0.0028136020730834196,-0.035487066535190896,0.9365783662587601,1.0,0.9365783662587601,1.0,False
BUY,BUY_LIMIT,4,10,0.0495953185452121,0.06064407938263505,-0.011048760837422955,-0.11882850436983261,0.8392815667903071,0.8391608391608392,0.9365783662587601,1.0,False
