group_a,group_b,n_a,n_b,mean_a,mean_b,diff,cohen_d,welch_p,mwu_p,welch_p_fdr,mwu_p_fdr,significant
AVOID,ENTER_LIMIT,154,27,0.018179664439259845,0.018195886452355814,-1.6222013095968518e-05,-0.0001728368950671312,0.9991916986816564,0.9033305617659587,0.9991916986816564,0.9033305617659587,False
AVOID,ENTER_NOW,154,32,0.018179664439259845,0.03278378911948522,-0.014604124680225376,-0.15820238878442433,0.2912523612665239,0.3688970088443825,0.836290860516416,0.9033305617659587,False
AVOID,NEUTRAL,154,55,0.018179664439259845,0.012411428297849296,0.0057682361414105494,0.06190387248651266,0.6688227413561443,0.613419103757112,0.8934090098031209,0.9033305617659587,False
ENTER_LIMIT,ENTER_NOW,27,32,0.018195886452355814,0.03278378911948522,-0.014587902667129407,-0.21549699693692168,0.41814543025820805,0.48877377957491364,0.836290860516416,0.9033305617659587,False
ENTER_LIMIT,NEUTRAL,27,55,0.018195886452355814,0.012411428297849296,0.005784458154506518,0.07387224591637524,0.7445075081692674,0.8089750032544172,0.8934090098031209,0.9033305617659587,False
ENTER_NOW,NEUTRAL,32,55,0.03278378911948522,0.012411428297849296,0.020372360821635925,0.2706338218984641,0.19862856017798208,0.2506766726262214,0.836290860516416,0.9033305617659587,False
