group_a,group_b,n_a,n_b,mean_a,mean_b,diff,cohen_d,welch_p,mwu_p,welch_p_fdr,mwu_p_fdr,significant
AVOID,ENTER_LIMIT,113,16,0.008461232524519234,0.03463363896847685,-0.026172406443957616,-0.23857358938252715,0.37310049095646936,0.604425385926531,0.7018151090040486,0.6117888287420487,False
AVOID,ENTER_NOW,113,16,0.008461232524519234,0.05177880561880174,-0.04331757309428251,-0.4105201100483657,0.027111546870612117,0.06629805235937469,0.1626692812236727,0.2796249375244706,False
AVOID,NEUTRAL,113,35,0.008461232524519234,0.03938253053027313,-0.030921298005753897,-0.29030950849389947,0.1076613951792581,0.09320831250815687,0.3229841855377743,0.2796249375244706,False
ENTER_LIMIT,ENTER_NOW,16,16,0.03463363896847685,0.05177880561880174,-0.017145166650324895,-0.1957883493555083,0.5848459241700406,0.41776103043678603,0.7018151090040486,0.6117888287420487,False
ENTER_LIMIT,NEUTRAL,16,35,0.03463363896847685,0.03938253053027313,-0.004748891561796281,-0.04836874341380762,0.8799750375473527,0.6117888287420487,0.8799750375473527,0.6117888287420487,False
ENTER_NOW,NEUTRAL,16,35,0.05177880561880174,0.03938253053027313,0.012396275088528613,0.1450371972477007,0.5796435059081737,0.5766660244517937,0.7018151090040486,0.6117888287420487,False
