{
  "group_col": "intent",
  "rr_col": "deep_research_rr_ratio",
  "per_group": [
    {
      "group": "ENTER_NOW",
      "n": 44,
      "mean": 1.449318181818182,
      "se": 0.1358285971126133,
      "ci_low": 1.1753937095891158,
      "ci_high": 1.723242654047248,
      "median": 1.4500000000000002,
      "std": 0.9009849848457784,
      "min": 0.0,
      "max": 4.0
    },
    {
      "group": "ENTER_LIMIT",
      "n": 19,
      "mean": 1.6463157894736842,
      "se": 0.18759046242902838,
      "ci_low": 1.2522028524175446,
      "ci_high": 2.0404287265298238,
      "median": 1.68,
      "std": 0.8176878685001983,
      "min": 0.0,
      "max": 2.9
    },
    {
      "group": "NEUTRAL",
      "n": 1,
      "mean": 2.0,
      "se": null,
      "ci_low": null,
      "ci_high": null,
      "median": 2.0,
      "std": null,
      "min": 2.0,
      "max": 2.0
    }
  ],
  "anova_f": 0.6692095871216903,
  "anova_p": 0.4165114297069086,
  "kw_h": 0.9072802908371804,
  "kw_p": 0.3408370688692959,
  "pairwise": [
    {
      "group_a": "ENTER_LIMIT",
      "group_b": "ENTER_NOW",
      "n_a": 19,
      "n_b": 44,
      "mean_a": 1.6463157894736842,
      "mean_b": 1.449318181818182,
      "diff": 0.19699760765550223,
      "cohen_d": 0.22456817676409818,
      "welch_p": 0.4003971135987249,
      "mwu_p": 0.34465248400564286,
      "welch_p_fdr": 0.4003971135987249,
      "mwu_p_fdr": 0.34465248400564286,
      "significant": false
    }
  ]
}