group,n,mean,se,ci_low,ci_high,median,std,min,max
ENTER_NOW,45,1.417111111111111,0.13662624022271924,1.1417590167480784,1.6924632054741435,1.34,0.9165166819446487,0.0,4.0
ENTER_LIMIT,19,1.6463157894736842,0.18759046242902838,1.2522028524175446,2.0404287265298238,1.68,0.8176878685001983,0.0,2.9
NEUTRAL,1,2.0,,,,2.0,,2.0,2.0
