group_a,group_b,n_a,n_b,mean_a,mean_b,diff,cohen_d,welch_p,mwu_p,welch_p_fdr,mwu_p_fdr,significant
ENTER_LIMIT,ENTER_NOW,19,44,1.6463157894736842,1.449318181818182,0.19699760765550223,0.22456817676409818,0.4003971135987249,0.34465248400564286,0.4003971135987249,0.34465248400564286,False
