group_a,group_b,n_a,n_b,mean_a,mean_b,diff,cohen_d,welch_p,mwu_p,welch_p_fdr,mwu_p_fdr,significant
AVOID,BUY,24,8,1.18,1.9525,-0.7725,-0.8039848147100219,0.11087109293795386,0.05698654098977782,0.1663066394069308,0.08547981148466673,False
AVOID,BUY_LIMIT,24,32,1.18,1.6340625,-0.45406250000000004,-0.5578663285927898,0.050609119210886615,0.03962165253587498,0.15182735763265984,0.08547981148466673,False
BUY,BUY_LIMIT,8,32,1.9525,1.6340625,0.31843749999999993,0.38360453128760413,0.4718019017602104,0.3698300987987012,0.4718019017602104,0.36983009879870127,False
