group_a,group_b,n_a,n_b,mean_a,mean_b,diff,cohen_d,welch_p,mwu_p,welch_p_fdr,mwu_p_fdr,significant
AVOID,BUY,26,9,1.2815384615384615,1.8688888888888888,-0.5873504273504273,-0.6411245144801125,0.1694876326645189,0.11196491464411684,0.25423144899677835,0.16794737196617526,False
AVOID,BUY_LIMIT,26,32,1.2815384615384615,1.6340625,-0.35252403846153846,-0.4441982859548164,0.10345497159871524,0.0781297273865814,0.25423144899677835,0.16794737196617526,False
BUY,BUY_LIMIT,9,32,1.8688888888888888,1.6340625,0.23482638888888885,0.28386546393444967,0.5576064912250277,0.5812013143600696,0.5576064912250277,0.5812013143600696,False
