group_a,group_b,n_a,n_b,mean_a,mean_b,diff,cohen_d,welch_p,mwu_p,welch_p_fdr,mwu_p_fdr,significant
AVOID,ENTER_LIMIT,176,50,0.6431818181818181,1.1436000000000002,-0.5004181818181821,-0.8228682538436205,9.513228867239085e-06,9.733507615722609e-09,2.8539686601717253e-05,2.920052284716783e-08,True
AVOID,ENTER_NOW,176,49,0.6431818181818181,1.503469387755102,-0.8602875695732839,-1.2947533805257896,2.5109972118072077e-08,1.7272614642769603e-10,1.5065983270843247e-07,1.0363568785661762e-09,True
AVOID,NEUTRAL,176,51,0.6431818181818181,0.8862745098039218,-0.24309269162210367,-0.4114710177960631,0.012143273356850644,0.0018149688733099555,0.018214910035275967,0.002722453309964933,True
ENTER_LIMIT,ENTER_NOW,50,49,1.1436000000000002,1.503469387755102,-0.3598693877551018,-0.4577603014031809,0.025549103556583054,0.010457118574057189,0.03065892426789967,0.012548542288868625,True
ENTER_LIMIT,NEUTRAL,50,51,1.1436000000000002,0.8862745098039218,0.2573254901960784,0.40467036815144264,0.044991563965632454,0.021564775692140683,0.044991563965632454,0.021564775692140683,True
ENTER_NOW,NEUTRAL,49,51,1.503469387755102,0.8862745098039218,0.6171948779511802,0.8191157821190667,0.00010843504983904457,8.125376198622056e-05,0.00021687009967808914,0.0001625075239724411,True
