{
  "group_col": "intent",
  "rr_col": "deep_research_rr_ratio",
  "per_group": [
    {
      "group": "ENTER_NOW",
      "n": 45,
      "mean": 1.417111111111111,
      "se": 0.13662624022271924,
      "ci_low": 1.1417590167480784,
      "ci_high": 1.6924632054741435,
      "median": 1.34,
      "std": 0.9165166819446487,
      "min": 0.0,
      "max": 4.0
    },
    {
      "group": "ENTER_LIMIT",
      "n": 19,
      "mean": 1.6463157894736842,
      "se": 0.18759046242902838,
      "ci_low": 1.2522028524175446,
      "ci_high": 2.0404287265298238,
      "median": 1.68,
      "std": 0.8176878685001983,
      "min": 0.0,
      "max": 2.9
    },
    {
      "group": "NEUTRAL",
      "n": 1,
      "mean": 2.0,
      "se": null,
      "ci_low": null,
      "ci_high": null,
      "median": 2.0,
      "std": null,
      "min": 2.0,
      "max": 2.0
    }
  ],
  "anova_f": 0.8881197903263036,
  "anova_p": 0.3496450776442638,
  "kw_h": 1.1239581909187837,
  "kw_p": 0.2890677467153345,
  "pairwise": [
    {
      "group_a": "ENTER_LIMIT",
      "group_b": "ENTER_NOW",
      "n_a": 19,
      "n_b": 45,
      "mean_a": 1.6463157894736842,
      "mean_b": 1.417111111111111,
      "diff": 0.2292046783625732,
      "cohen_d": 0.257835494453079,
      "welch_p": 0.3296031074954534,
      "mwu_p": 0.2924296118780312,
      "welch_p_fdr": 0.3296031074954534,
      "mwu_p_fdr": 0.2924296118780312,
      "significant": false
    }
  ]
}