{
  "AVOID": {
    "horizon_label": "20d",
    "n_winners": 14,
    "n_losers": 9,
    "winners": {
      "day_offsets": [
        0,
        1,
        2,
        3,
        4,
        5,
        6,
        7,
        8,
        9,
        10,
        11,
        12,
        13,
        14,
        15,
        16,
        17,
        18,
        19,
        20,
        21
      ],
      "mean": [
        0.003579654233660983,
        0.020992879607534622,
        0.028224130040952238,
        0.034743317432883836,
        0.04910004161739618,
        0.06103447564943207,
        0.07542494671930067,
        0.09145672196697441,
        0.08452331600194155,
        0.07342258148563618,
        0.08210514180886822,
        0.0830363823543433,
        0.07067022685044681,
        0.0836295638062241,
        0.08082555962930897,
        0.08792524566943467,
        0.10704628461324865,
        0.11610051256350795,
        0.12189723778021182,
        0.1375640350883227,
        0.15247248252410706,
        0.1184812442817933
      ],
      "ci_low": [
        -0.004467014041353924,
        0.00541654418491053,
        0.011756200695887637,
        0.014290611859430601,
        0.02239884928616429,
        0.018270172448675695,
        0.028770707124826038,
        0.05979892101055261,
        0.04941329281709118,
        0.008350773847615955,
        0.05391763434651916,
        0.0632440381290782,
        0.002606442665724726,
        -0.02534731236001507,
        0.007362407509626384,
        0.00592390246464089,
        -0.013296077204929813,
        -0.008309384997041439,
        0.003997200674613288,
        -0.05195764446094553,
        -0.012357013068237277,
        null
      ],
      "ci_high": [
        0.01162632250867589,
        0.03656921503015871,
        0.044692059386016836,
        0.05519602300633707,
        0.07580123394862807,
        0.10379877885018844,
        0.12207918631377529,
        0.1231145229233962,
        0.11963333918679192,
        0.13849438912365641,
        0.11029264927121726,
        0.1028287265796084,
        0.1387340110351689,
        0.1926064399724633,
        0.15428871174899156,
        0.16992658887422846,
        0.22738864643142712,
        0.24051041012405733,
        0.23979727488581035,
        0.32708571463759095,
        0.3173019781164514,
        null
      ],
      "count": [
        14,
        14,
        14,
        13,
        13,
        9,
        7,
        6,
        5,
        5,
        5,
        4,
        3,
        3,
        3,
        3,
        3,
        3,
        3,
        3,
        3,
        1
      ],
      "n_paths": 14
    },
    "losers": {
      "day_offsets": [
        0,
        1,
        2,
        3,
        4,
        5,
        6,
        7,
        8,
        9,
        10,
        11,
        12,
        13,
        14,
        15,
        16,
        17,
        18,
        19
      ],
      "mean": [
        -0.002664317517035639,
        -0.008913782376328437,
        -0.011732515159258487,
        -0.01094564855370822,
        -0.01369850353090726,
        -0.021856687882472563,
        -0.0232971915305642,
        -0.021366699929959293,
        -0.030610817848749694,
        -0.010830068381324868,
        -0.0028561839387397647,
        -3.667978143440109e-08,
        -3.667978143440109e-08,
        -3.667978143440109e-08,
        -3.667978143440109e-08,
        -3.667978143440109e-08,
        -3.667978143440109e-08,
        -3.667978143440109e-08,
        -3.667978143440109e-08,
        -3.667978143440109e-08
      ],
      "ci_low": [
        -0.017005070138042717,
        -0.027078890519556156,
        -0.037683681693563564,
        -0.03640754282787469,
        -0.04724671553187608,
        -0.05515976271890766,
        -0.04514535210220832,
        -0.06966959211702303,
        -0.09718949312743501,
        -0.0595849388662076,
        -0.03914697576846364,
        null,
        null,
        null,
        null,
        null,
        null,
        null,
        null,
        null
      ],
      "ci_high": [
        0.01167643510397144,
        0.00925132576689928,
        0.014218651375046593,
        0.01451624572045825,
        0.019849708470061563,
        0.011446386953962526,
        -0.0014490309589200792,
        0.026936192257104447,
        0.03596785742993562,
        0.03792480210355787,
        0.03343460789098411,
        null,
        null,
        null,
        null,
        null,
        null,
        null,
        null,
        null
      ],
      "count": [
        9,
        9,
        9,
        8,
        7,
        6,
        6,
        4,
        4,
        3,
        2,
        1,
        1,
        1,
        1,
        1,
        1,
        1,
        1,
        1
      ],
      "n_paths": 9
    }
  },
  "BUY": {
    "horizon_label": "20d",
    "n_winners": 5,
    "n_losers": 3,
    "winners": {
      "day_offsets": [
        0,
        1,
        2,
        3,
        4,
        5,
        6,
        7,
        8,
        9,
        10,
        11,
        12,
        13,
        14,
        15
      ],
      "mean": [
        -0.0005063029988676693,
        0.021760157413598692,
        0.032824818807490705,
        0.030382871462434735,
        0.03996109287203081,
        0.035641342038439744,
        0.03381576096558392,
        0.04342732286800147,
        0.07536418335436212,
        0.06517250639240084,
        0.06690128625458724,
        0.21114988233384713,
        0.21041957041393622,
        0.1429034840370902,
        0.11782845086423754,
        0.10719794239557134
      ],
      "ci_low": [
        -0.005972403257310174,
        -0.0013308486487625913,
        -0.001437704724384141,
        -0.042441698198021904,
        -0.041106223583891766,
        -0.041858631609167044,
        -0.05996666764324696,
        -0.06309700816360123,
        -0.1679404547944541,
        -0.18517247216653754,
        -0.1703856197380739,
        null,
        null,
        null,
        null,
        null
      ],
      "ci_high": [
        0.004959797259574836,
        0.04485116347595998,
        0.06708734233936556,
        0.10320744112289137,
        0.12102840932795339,
        0.11314131568604653,
        0.1275981895744148,
        0.14995165389960416,
        0.3186688215031783,
        0.31551748495133924,
        0.30418819224724836,
        null,
        null,
        null,
        null,
        null
      ],
      "count": [
        5,
        5,
        5,
        4,
        4,
        4,
        4,
        4,
        3,
        3,
        3,
        1,
        1,
        1,
        1,
        1
      ],
      "n_paths": 5
    },
    "losers": {
      "day_offsets": [
        0,
        1,
        2,
        3,
        4,
        5,
        6,
        7,
        8,
        9,
        10,
        11,
        12,
        13,
        14,
        15,
        16,
        17,
        18,
        19,
        20,
        21
      ],
      "mean": [
        -0.0066065117415381085,
        -0.02282988449427255,
        -0.023714118118017862,
        -0.03225690898478123,
        -0.031841831983075275,
        -0.01767664298182453,
        -0.05113835115258336,
        -0.04984784495205197,
        -0.031238267887620796,
        -0.017806416173135053,
        -0.002322584582913345,
        -0.026322592458417393,
        -0.008258056640624956,
        -0.0025806057837701735,
        0.04051612115675396,
        0.05109676238029226,
        0.03561293079007055,
        0.08438710858744969,
        0.07045160108996984,
        -0.011612922914566504,
        -0.06477415023311495,
        -0.08232254520539317
      ],