deep_research_verdict,count,win_rate,win_rate_se,win_rate_ci_low,win_rate_ci_high,avg_return,avg_return_se,avg_return_ci_low,avg_return_ci_high,median_return,std_return
,162,0.5432098765432098,0.03913674243535557,0.466389374343993,0.6180285999041508,0.07268721485099747,0.033687914946833174,0.006160047819974798,0.13921438188202012,0.01652740081093445,0.42877715585294496
BUY_LIMIT,10,0.7,0.14491376746189438,0.39677814746114537,0.8922087325936989,0.06064407938263505,0.030166679845932087,-0.0075976915103666,0.1288858502756367,0.05692181772426181,0.09539541775824273
AVOID,8,0.75,0.15309310892394862,0.40927543031016883,0.9285207872478909,0.43676238672123097,0.37922373055273784,-0.4599592433232605,1.3334840167657225,0.07524425411609299,1.0726066858428043
BUY,4,0.75,0.21650635094610965,0.30064184258240184,0.9544127391902995,0.0495953185452121,0.04266381925018928,-0.08617999539686838,0.18537063248729257,0.011777728462487261,0.08532763850037856
