intent,count,win_rate,win_rate_se,win_rate_ci_low,win_rate_ci_high,avg_return,avg_return_se,avg_return_ci_low,avg_return_ci_high,median_return,std_return
AVOID,156,0.532051282051282,0.03994970518479111,0.4539237883792001,0.6086382031953245,0.037749705388414434,0.02114788359613602,-0.004025551716270032,0.0795249624930989,0.007063490161295272,0.2641369814564635
NEUTRAL,56,0.5,0.0668153104781061,0.37331738801362335,0.6266826119863766,0.012189795012952883,0.010745519376760155,-0.00934470703777574,0.033724297063681505,0.0014164343797415649,0.0804121039015543
ENTER_NOW,33,0.5757575757575758,0.08603395906609154,0.4080726333731245,0.7276440336658979,0.12540506074019736,0.09326403937692662,-0.0645675708124403,0.315377692292835,0.020355037786123492,0.5357611168699445
ENTER_LIMIT,27,0.5555555555555556,0.09562921842487448,0.3731302451322448,0.72414141822977,0.018195886452355814,0.013869094618294778,-0.010312445822872513,0.04670421872758414,0.015392883449124834,0.07206592960159992
