deep_research_verdict,count,win_rate,win_rate_se,win_rate_ci_low,win_rate_ci_high,avg_return,avg_return_se,avg_return_ci_low,avg_return_ci_high,median_return,std_return
,228,0.5219298245614035,0.033081444074919766,0.45726640496336735,0.5858665189358648,0.01598165212406962,0.006067271416845601,0.004026278772201046,0.027937025475938196,0.004888062254044296,0.09161378934206975
BUY_LIMIT,18,0.6666666666666666,0.11111111111111112,0.43749467295945105,0.837212252491663,0.04612438155981555,0.01615469752106243,0.012040949074694968,0.08020781404493613,0.04591139019872177,0.06853857699096451
AVOID,15,0.6,0.12649110640673517,0.357468301206246,0.8017550385865841,0.02787801023667021,0.01611448891356831,-0.006684131067736011,0.06244015154107643,0.020355037786123492,0.06241114719489412
BUY,6,0.3333333333333333,0.19245008972987526,0.09677141110578041,0.700006684861608,0.01786868036501835,0.01909896583849734,-0.031226774298861396,0.0669641350288981,-0.0030750442469104407,0.04678272091916555
WATCH,1,1.0,0.0,0.20654931437723745,1.0,0.023229277960144585,,,,0.023229277960144585,
