gatekeeper_tier,count,win_rate,win_rate_se,win_rate_ci_low,win_rate_ci_high,avg_return,avg_return_se,avg_return_ci_low,avg_return_ci_high,median_return,std_return
,37.0,0.7297297297297297,0.07300948684714835,0.5702183167528573,0.8460253848895091,0.1676438160610322,0.04870871351043004,0.06885796639505364,0.26642966572701077,0.08811039390584206,0.29628353744027447
