intent,count,win_rate,win_rate_se,win_rate_ci_low,win_rate_ci_high,avg_return,avg_return_se,avg_return_ci_low,avg_return_ci_high,median_return,std_return
AVOID,115,0.5043478260869565,0.046623477609678075,0.4143158705103379,0.5940987013901028,0.06204078939544911,0.03906714699394994,-0.015350927901958127,0.13943250669285634,0.0006961307010135601,0.41894847778502853
NEUTRAL,36,0.6944444444444444,0.07677372199896759,0.5314372714948966,0.8199554840517008,0.12410206447673737,0.08611379434579543,-0.05071823215638145,0.2989223611098562,0.034388601858304974,0.5166827660747726
ENTER_NOW,17,0.7647058823529411,0.10287936849355368,0.5273820188043501,0.9044495567791988,0.23045568485316556,0.17927088283096518,-0.1495816096562265,0.6104929793625576,0.06120766572524734,0.739152785509797
ENTER_LIMIT,16,0.5,0.125,0.27999563610326017,0.7200043638967398,0.03463363896847685,0.026787853292426753,-0.02246331875817597,0.09173059669512967,0.019920934441140622,0.10715141316970701
