bucket,count,win_rate,win_rate_se,win_rate_ci_low,win_rate_ci_high,avg_return,avg_return_se,avg_return_ci_low,avg_return_ci_high,median_return,std_return
-8 to -5,103,0.5339805825242718,0.04915255823141194,0.43816142979955147,0.6273562079907344,0.013923838842554439,0.008328216145193882,-0.002595138393166963,0.03044281607827584,0.013003133767898696,0.08452216258822302
-15 to -8,59,0.6949152542372882,0.059944613371832926,0.5685367346805482,0.7974636801988394,0.05253014108263227,0.013907360178096947,0.024691535055830414,0.08036874710943413,0.06936633023797781,0.10682446049606657
<= -15%,18,0.2222222222222222,0.09799078929868854,0.09000928108601694,0.45214584316212625,-0.045351487079540016,0.036177425168158,-0.12167918226521393,0.030976208106133905,-3.667978143440109e-08,0.15348781597364036
> -5%,0,,,,,,,,,,
