bucket,count,win_rate,win_rate_se,win_rate_ci_low,win_rate_ci_high,avg_return,avg_return_se,avg_return_ci_low,avg_return_ci_high,median_return,std_return
<1,125,0.52,0.04468556814006061,0.4331350544138638,0.6056723298378032,0.01670273312736375,0.00910258286847165,-0.001313828153721039,0.03471929440844854,0.01209810564839601,0.10176997032363819
1-2,25,0.52,0.09991996797437437,0.3349851695035678,0.6996871404588704,-0.0038445021764087857,0.01953667081079573,-0.044166208961810234,0.03647720460899267,0.014677703798996395,0.09768335405397865
2-3,9,0.5555555555555556,0.16563466499998442,0.26665129349549305,0.8112214789023355,0.050988334817691404,0.040063561353185756,-0.04139840333376075,0.14337507296914356,0.017741926254764652,0.12019068405955727
>=3,2,1.0,0.0,0.34238022750665303,1.0,0.02485124297779657,0.015973489851818443,-0.17811118943472895,0.22781367539032207,0.02485124297779657,0.02258992598687064
